domain,method,n_xi,n_eta,converged,iterations,runtime_ms,residual,min_scaled_jacobian,inverted_cells,orthogonality_score,directional_length_difference,center_rms_cosine,area_cv,edge_cv,aspect_p95,min_center_jacobian
Квадрат,Метод упругих нитей,21,21,True,1,13.609600000108912,3.7238012298709097e-16,1.0,0,1.0,1.2961853812498702e-16,1.454584456341045e-15,1.5845680589221801e-15,1.219815190192593e-15,1.0000000000000036,3.999999999999971
Квадрат,Винслоу,21,21,True,0,18.80989999972371,1.5543122344752182e-15,1.0,0,1.0,1.2850831510036187e-16,8.426400312392974e-16,1.4737239125727964e-15,1.1636980095528471e-15,1.000000000000003,3.9999999999999805
Квадрат,Адаптивное натяжение (mu=0.1),21,21,True,0,19.623200000296492,5.809155240177333e-15,1.0,0,1.0,1.2850831510036187e-16,8.426400312392974e-16,1.4737239125727964e-15,1.1636980095528471e-15,1.000000000000003,3.9999999999999805
Круг,Метод упругих нитей,21,21,True,1,12.706600000001345,3.8100982669176086e-16,0.07845909572784482,0,0.9182971553836582,0.013121017598509777,0.3225822291254723,0.15431521609805152,0.10024833202685532,2.457743293369254,0.8560807401571534
Круг,Винслоу,21,21,True,83,91.17560000004232,1.3778737283620964e-06,0.07845909572784482,0,0.9367523441383072,0.01910451537770942,0.2798942588497631,0.12926993786654636,0.1485731668981771,2.0465058809543772,1.591574004217129
Круг,Адаптивное натяжение (mu=0.1),21,21,True,86,110.30110000001514,1.9686166104738414e-05,0.07845909572784482,0,0.9082841905618821,0.018535194210412907,0.31484014239379426,0.06504159950342954,0.11823120072505791,2.0005912618014863,1.7946831063605595
Полукольцо,Метод упругих нитей,21,21,True,44,59.99050000036732,5.879920185986632e-16,0.9568732802894462,0,0.9922484579484575,0.07972061884606664,0.06213784792800536,0.41073049042089965,0.21301989669668342,4.425251694693763,0.53858244619941
Полукольцо,Винслоу,21,21,True,255,220.3534000000218,1.7486769328900513e-06,0.9551967264484351,0,0.9922184409699359,0.0795998509399542,0.06320747947004907,0.4153775455052593,0.21620434954295775,4.489694352664231,0.5275410197297801
Полукольцо,Адаптивное натяжение (mu=0.1),21,21,True,2940,2625.974099999894,1.988161169734126e-05,0.028995177581434647,0,0.9058459983268631,0.0755800742589849,0.28546426254724516,0.5988505963635833,0.35828094930585713,62.744321529145694,0.03275769555587622
